Photo ID,Date
MU.100118.01.00,4/5/2017
MU.100118.01.02,4/5/2017
MU.100118.02.00,4/5/2017
MU.100118.02.02,4/5/2017
MU.100118.03.00,4/5/2017
MU.100118.03.01,4/5/2017
MU.100118.04.00,4/5/2017
MU.100118.04.01,4/5/2017
MU.100118.05.00,4/5/2017
MU.100118.05.01,4/5/2017
MU.100118.06.00,4/5/2017
MU.100118.06.02,4/5/2017
MU.100118.07.00,4/5/2017
MU.100118.07.02,4/5/2017
MU.100118.08.02,4/5/2017
MU.100118.09.00,4/5/2017
MU.100118.09.02,4/5/2017
MU.100118.10.00,4/5/2017
MU.100118.10.02,4/5/2017
MU.100118.11.00,4/5/2017
MU.100118.11.01,4/5/2017
MU.100118.12.00,4/5/2017
MU.100118.12.01,4/5/2017
MU.100118.01.00,10/9/2017
MU.100118.01.02,10/9/2017
MU.100118.02.00,10/9/2017
MU.100118.02.01,10/9/2017
MU.100118.03.00,10/9/2017
MU.100118.03.02,10/9/2017
MU.100118.04.00,10/9/2017
MU.100118.04.02,10/9/2017
MU.100118.05.00,10/9/2017
MU.100118.05.01,10/9/2017
MU.100118.05.02,10/9/2017
MU.100118.06.00,10/9/2017
MU.100118.06.01,10/9/2017
MU.100118.07.00,10/9/2017
MU.100118.07.03,10/9/2017
MU.100118.08.00,10/9/2017
MU.100118.08.01,10/9/2017
MU.100118.09.00,10/9/2017
MU.100118.09.02,10/9/2017
Column5,10/9/2017
MU.101718.01.01,10/26/2017
MU.101718.01.01,11/14/2017
MU.101718.01.01,10/9/2017
MU.101718.01.01,10/14/2017
MU.101718.02.02,10/14/2017
MU.101718.03.02,10/14/2017
MU.110518.02.00,4/12/2017
MU.110518.02.01,4/12/2017
MU.110518.02.00,10/9/2017
MU.110518.02.01,10/9/2017
MU.110518.03.00,4/12/2017
MU.110518.03.02,4/12/2017
MU.110518.04.00,10/9/2017
MU.110518.04.01,10/9/2017
MU.110518.04.02,10/9/2017
MU.110518.04.00,10/14/2017
MU.110518.04.01,10/14/2017
MU.110518.04.03,10/14/2017
MU.110518.05.00,4/12/2017
MU.110518.05.02,4/12/2017
MU.110518.05.00,10/14/2017
MU.110518.05.01,10/14/2017
MU.110518.06.00,4/12/2017
MU.110518.06.01,4/12/2017
MU.110518.06.00,10/14/2017
MU.110518.06.01,10/14/2017
MU.110518.06.02,10/14/2017
MU.110518.07.00,4/12/2017
MU.110518.07.01,4/12/2017
MU.110518.08.00,4/12/2017
MU.110518.08.02,4/12/2017
MU.110518.09.00,4/12/2017
MU.110518.09.01,4/12/2017
MU.110518.09.02,4/12/2017
MU.110518.09.00,10/14/2017
MU.110518.09.01,10/14/2017
MU.110518.10.00,4/12/2017
MU.110518.10.01,4/12/2017
MU.110518.10.00,10/14/2017
MU.110518.10.01,10/14/2017
MU.110518.10.02,10/14/2017
MU.110518.11.00,4/12/2017
MU.110518.11.02,4/12/2017
MU.110818.01.00,4/12/2017
MU.110818.01.01,4/12/2017
MU.110818.01.02,4/12/2017
MU.110818.03.00,10/9/2017
MU.110818.03.01,10/9/2017
MU.110818.03.02,10/9/2017
MU.110818.04.00,4/12/2017
MU.110818.04.02,4/12/2017
MU.110818.07.00,10/14/2017
MU.110818.07.03,10/14/2017
MU.110818.08.00,10/14/2017
MU.110818.08.02,10/14/2017
MU.110818.12.00,4/12/2017
MU.110818.12.01,4/12/2017
MU.110818.12.02,4/12/2017
MU.111218.01.00,5/3/2017
MU.111218.01.01,5/3/2017
MU.111218.01.00,9/22/2017
MU.111218.01.01,9/22/2017
MU.111218.01.00,9/22/2017
MU.111218.01.01,9/22/2017
MU.111218.01.00,11/14/2017
MU.111218.01.01,11/14/2017
MU.111218.01.00,9/22/2017
MU.111218.01.01,9/22/2017
MU.111218.02.00,9/22/2017
MU.111218.02.02,9/22/2017
MU.111218.03.00,9/22/2017
MU.111218.03.01,9/22/2017
MU.111218.03.02,9/22/2017
MU.111218.01.00,3/21/2017
MU.111218.01.01,3/21/2017
MU.111218.01.02,3/21/2017
MU.111218.01.00,5/3/2017
MU.111218.01.01,5/3/2017
MU.111218.01.02,5/3/2017
MU.111218.01.00,9/22/2017
MU.111218.01.02,9/22/2017
MU.111218.01.00,10/26/2017
MU.111218.01.01,10/26/2017
MU.111218.02.00,5/3/2017
MU.111218.02.01,5/3/2017
MU.111218.02.00,9/22/2017
MU.111218.02.01,9/22/2017
MU.111218.03.00,9/22/2017
MU.111218.03.01,9/22/2017
MU.111218.04.00,9/22/2017
MU.111218.04.02,9/22/2017
MU.111218.05.00,9/22/2017
MU.111218.05.01,9/22/2017
MU.011619.01.00,5/3/2017
MU.011619.01.01,5/3/2017
MU.011819.01.01,11/29/2017
MU.011819.01.02,11/29/2017
MU.011819.01.00,11/5/2017
MU.011819.01.01,11/5/2017
MU.011819.02.00,11/5/2017
MU.011819.02.01,11/5/2017
MU.011819.03.00,11/5/2017
MU.011819.03.01,11/5/2017
MU.011819.04.00,11/5/2017
MU.011819.04.01,11/5/2017
MU.011819.01.00,3/29/2017
MU.011819.01.01,3/29/2017
MU.011819.01.00,4/28/2017
MU.011819.01.02,4/28/2017
MU.011819.01.01,10/26/2017
MU.011819.01.02,10/26/2017
MU.011819.01.00,10/9/2017
MU.011819.01.01,10/9/2017
MU.011819.02.00,10/9/2017
MU.011819.02.01,10/9/2017
MU.011819.03.00,10/9/2017
MU.011819.03.01,10/9/2017
MU.011819.01.00,4/28/2017
MU.011819.01.01,4/28/2017
MU.011819.01.00,4/21/2017
MU.011819.01.01,4/21/2017
MU.011819.02.00,4/21/2017
MU.011819.02.01,4/21/2017
MU.012319.01.01,9/15/2017
MU.012319.01.02,9/15/2017
MU.012319.01.00,9/15/2017
MU.012319.01.01,9/15/2017
MU.012319.02.00,9/15/2017
MU.012319.02.01,9/15/2017
MU.012319.01.00,4/5/2017
MU.012319.01.01,4/5/2017
MU.012319.02.00,4/5/2017
MU.012319.02.01,4/5/2017
MU.012319.03.00,4/5/2017
MU.012319.03.01,4/5/2017
MU.012319.01.00,3/21/2017
MU.012319.01.01,3/21/2017
MU.012319.02.00,3/21/2017
MU.012319.02.01,3/21/2017
MU.012319.03.00,3/21/2017
MU.012319.03.01,3/21/2017
MU.012319.04.00,3/21/2017
MU.012319.04.01,3/21/2017
MU.012319.05.00,3/21/2017
MU.012319.05.01,3/21/2017
MU.012319.06.00,3/21/2017
MU.012319.06.01,3/21/2017
MU.012319.01.00,3/21/2017
MU.012319.01.01,3/21/2017
MU.012319.02.00,3/21/2017
MU.012319.02.01,3/21/2017
MU.012319.03.00,3/21/2017
MU.012319.03.01,3/21/2017
MU.012319.04.00,3/21/2017
MU.012319.04.01,3/21/2017
MU.012319.05.00,3/21/2017
MU.012319.05.01,3/21/2017
MU.012319.06.00,3/21/2017
MU.012319.06.01,3/21/2017
MU.012319.07.00,3/21/2017
MU.012319.07.01,3/21/2017
MU.012519.01.00,9/15/2017
MU.012519.01.01,9/15/2017
MU.012519.02.00,9/15/2017
MU.012519.02.01,9/15/2017
MU.012519.03.00,9/15/2017
MU.012519.03.01,9/15/2017
MU.012519.04.00,9/15/2017
MU.012519.04.01,9/15/2017
MU.012519.05.00,9/15/2017
MU.012519.05.01,9/15/2017
MU.012519.06.00,9/15/2017
MU.012519.07.00,9/15/2017
MU.012519.07.01,9/15/2017
MU.012519.08.00,9/15/2017
MU.012519.08.01,9/15/2017
MU.012519.09.00,9/15/2017
MU.012519.09.01,9/15/2017
MU.012519.10.00,9/15/2017
MU.012519.10.01,9/15/2017
MU.012519.11.00,9/15/2017
MU.012519.11.01,9/15/2017
MU.012519.12.00,9/15/2017
MU.012519.12.01,9/15/2017
MU.012519.13.00,9/15/2017
MU.012519.13.01,9/15/2017
MU.012519.14.00,9/15/2017
MU.012519.14.01,9/15/2017
MU.012519.15.00,9/15/2017
MU.012519.15.01,9/15/2017
MU.012519.16.00,9/15/2017
MU.012519.16.01,9/15/2017
MU.012519.16.02,9/15/2017
MU.012519.17.00,9/15/2017
MU.012519.17.00,9/15/2017
MU.012819.01.00,4/12/2017
MU.012819.01.01,4/12/2017
MU.012819.02.00,4/12/2017
MU.012819.02.01,4/12/2017
MU.012819.03.00,4/12/2017
MU.012819.03.01,4/12/2017
MU.012819.04.00,4/12/2017
MU.012819.04.01,4/12/2017
MU.012819.05.00,4/12/2017
MU.012819.05.01,4/12/2017
MU.012819.06.00,4/12/2017
MU.012819.06.01,4/12/2017
MU.012819.07.00,4/12/2017
MU.012819.07.01,4/12/2017
MU.012819.08.00,4/12/2017
MU.012819.08.01,4/12/2017
MU.012819.01.00,9/9/2017
MU.012819.01.01,9/9/2017
MU.012819.02.00,9/9/2017
MU.012819.02.01,9/9/2017
MU.012819.03.00,9/9/2017
MU.012819.03.01,9/9/2017
MU.012819.04.00,9/9/2017
MU.012819.04.01,9/9/2017
MU.012819.05.00,9/9/2017
MU.012819.05.01,9/9/2017
MU.012819.06.00,9/9/2017
MU.012819.06.01,9/9/2017
MU.012819.07.00,9/9/2017
MU.012819.07.01,9/9/2017
MU.012819.08.00,9/9/2017
MU.012819.08.01,9/9/2017
MU.012819.09.00,9/9/2017
MU.012819.09.01,9/9/2017
MU.012819.10.00,9/9/2017
MU.012819.10.01,9/9/2017
MU.012819.11.00,9/9/2017
MU.012819.11.01,9/9/2017
MU.012819.12.00,9/9/2017
MU.012819.13.00,9/9/2017
MU.012819.14.00,9/9/2017
MU.012819.14.01,9/9/2017
MU.012819.15.00,9/9/2017
MU.012819.15.01,9/9/2017
MU.012819.16.00,9/9/2017
MU.012819.16.01,9/9/2017
MU.012819.17.00,9/9/2017
MU.012819.17.01,9/9/2017
MU.013019.01.00,4/5/2017
MU.013019.01.01,4/5/2017
MU.013019.02.00,4/5/2017
MU.013019.02.01,4/5/2017
MU.013019.03.00,4/5/2017
MU.013019.03.01,4/5/2017
MU.013019.04.00,4/5/2017
MU.013019.04.01,4/5/2017
MU.013019.05.00,4/5/2017
MU.013019.05.01,4/5/2017
MU.013019.06.00,4/5/2017
MU.013019.06.01,4/5/2017
MU.013019.07.00,4/5/2017
MU.013019.07.01,4/5/2017
MU.013019.08.00,4/5/2017
MU.013019.08.01,4/5/2017
MU.013019.09.00,4/5/2017
MU.013019.09.01,4/5/2017
MU.013019.10.00,4/5/2017
MU.013019.10.01,4/5/2017
MU.013019.11.00,4/5/2017
MU.013019.11.01,4/5/2017
MU.013019.12.00,4/5/2017
MU.013019.12.01,4/5/2017
MU.013019.13.00,4/5/2017
MU.013019.13.01,4/5/2017
MU.013019.14.00,4/5/2017
MU.013019.14.01,4/5/2017
MU.020119.01.00,9/9/2017
MU.020119.01.01,9/9/2017
MU.020119.02.00,9/9/2017
MU.020119.02.01,9/9/2017
MU.020119.03.00,9/9/2017
MU.020119.03.01,9/9/2017
MU.020119.04.00,9/9/2017
MU.020119.04.01,9/9/2017
MU.020119.05.00,9/9/2017
MU.020119.05.01,9/9/2017
MU.020119.06.00,9/9/2017
MU.020119.06.01,9/9/2017
MU.020119.07.00,9/9/2017
MU.020119.07.01,9/9/2017
MU.020119.08.00,9/9/2017
MU.020119.08.01,9/9/2017
MU.020119.09.00,9/9/2017
MU.020119.09.01,9/9/2017
MU.020119.10.00,9/9/2017
MU.020119.10.01,9/9/2017
MU.020119.11.00,9/9/2017
MU.020119.11.01,9/9/2017
MU.020119.12.00,9/9/2017
MU.020119.12.01,9/9/2017
MU.020119.13.00,9/9/2017
MU.020119.13.01,9/9/2017
MU.020119.14.00,9/9/2017
MU.020119.14.01,9/9/2017
MU.020119.15.00,9/9/2017
MU.020119.15.01,9/9/2017
MU.020119.16.00,9/9/2017
MU.020119.16.01,9/9/2017
MU.020119.17.00,9/9/2017
MU.020119.17.01,9/9/2017
MU.020119.18.00,9/9/2017
MU.020119.19.00,9/9/2017
MU.020419.01.00,10/14/2017
MU.020419.01.01,10/14/2017
MU.020419.02.00,10/14/2017
MU.020419.02.01,10/14/2017
MU.020419.03.00,10/14/2017
MU.020419.03.01,10/14/2017
MU.020419.04.00,10/14/2017
MU.020419.04.01,10/14/2017
MU.020419.05.00,10/14/2017
MU.020419.05.01,10/14/2017
MU.020419.06.00,10/14/2017
MU.020419.06.01,10/14/2017
MU.020419.07.00,10/14/2017
MU.020419.07.01,10/14/2017
MU.020419.08.00,10/14/2017
MU.020419.08.01,10/14/2017
MU.020419.09.00,10/14/2017
MU.020419.09.01,10/14/2017
MU.020419.10.00,10/14/2017
MU.020419.10.01,10/14/2017
MU.020419.11.00,10/14/2017
MU.020419.11.01,10/14/2017
MU.020419.12.00,10/14/2017
MU.020419.12.01,10/14/2017
MU.020419.13.00,10/14/2017
MU.020419.13.01,10/14/2017
MU.020419.14.00,10/14/2017
MU.020419.14.01,10/14/2017
MU.020419.15.00,10/14/2017
MU.020419.15.01,10/14/2017
MU.020419.16.00,10/14/2017
MU.020419.16.01,10/14/2017
MU.020419.17.00,10/14/2017
MU.020419.17.01,10/14/2017
MU.020419.18.00,10/14/2017
MU.020419.18.01,10/14/2017
MU.020419.19.00,10/14/2017
MU.020419.19.01,10/14/2017
MU.020419.20.00,10/14/2017
MU.020419.20.01,10/14/2017
MU.020419.21.00,10/14/2017
MU.020419.21.01,10/14/2017
MU.020419.22.00,10/14/2017
MU.020419.22.01,10/14/2017
MU.020419.23.00,10/14/2017
MU.020419.23.01,10/14/2017
MU.020419.24.00,10/14/2017
MU.020419.25.00,10/14/2017
MU.020419.25.01,10/14/2017
MU.020419.26.00,10/14/2017
MU.020419.27.00,10/14/2017
MU.020419.28.00,10/14/2017
MU.020419.29.00,10/14/2017
MU.020419.30.00,10/14/2017
MU.020619.01.00,10/14/2017
MU.020619.01.01,10/14/2017
MU.020619.02.00,10/14/2017
MU.020619.02.01,10/14/2017
MU.020619.03.00,10/14/2017
MU.020619.03.01,10/14/2017
MU.020619.04.00,10/14/2017
MU.020619.04.01,10/14/2017
MU.020619.05.00,10/14/2017
MU.020619.05.01,10/14/2017
MU.020619.06.00,10/14/2017
MU.020619.06.01,10/14/2017
MU.020619.07.00,10/14/2017
MU.020619.07.01,10/14/2017
MU.020619.08.00,10/14/2017
MU.020619.08.01,10/14/2017
MU.020619.09.00,10/14/2017
MU.020619.09.01,10/14/2017
MU.020619.10.00,10/14/2017
MU.020619.10.01,10/14/2017
MU.020619.11.00,10/14/2017
MU.020619.11.01,10/14/2017
MU.020619.12.00,10/14/2017
MU.020619.12.01,10/14/2017
MU.020619.13.00,10/14/2017
MU.020619.13.01,10/14/2017
MU.020619.14.00,10/14/2017
MU.020619.14.01,10/14/2017
MU.020619.15.00,10/14/2017
MU.020619.15.01,10/14/2017
MU.020619.16.00,10/14/2017
MU.020619.16.01,10/14/2017
MU.020619.17.00,10/14/2017
MU.020619.17.01,10/14/2017
MU.020619.18.00,10/14/2017
MU.020619.18.01,10/14/2017
MU.020619.19.00,10/14/2017
MU.020619.19.01,10/14/2017
MU.020619.20.00,10/14/2017
MU.020619.20.01,10/14/2017
MU.020619.21.00,10/14/2017
MU.020619.21.01,10/14/2017
MU.020619.22.00,10/14/2017
MU.020619.22.01,10/14/2017
MU.020619.23.00,10/14/2017
MU.020619.23.01,10/14/2017
MU.020619.24.00,10/14/2017
MU.020619.24.01,10/14/2017
MU.020619.25.00,10/14/2017
MU.020619.25.01,10/14/2017
MU.020619.26.00,10/14/2017
MU.020619.26.01,10/14/2017
MU.020619.27.00,10/14/2017
MU.020619.27.01,10/14/2017
MU.020619.28.00,10/14/2017
MU.020619.28.01,10/14/2017
MU.020619.29.00,10/14/2017
MU.020619.29.01,10/14/2017
MU.020619.30.00,10/14/2017
MU.020619.30.01,10/14/2017
MU.020619.31.00,10/14/2017
MU.020619.31.01,10/14/2017
MU.020619.32.00,10/14/2017
MU.020619.32.01,10/14/2017
MU.020619.33.00,10/14/2017
MU.020619.33.01,10/14/2017
MU.020619.34.00,10/14/2017
MU.020619.34.01,10/14/2017
MU.020619.35.00,10/14/2017
MU.020619.35.01,10/14/2017
MU.020619.36.00,10/14/2017
MU.020619.36.01,10/14/2017
MU.020619.37.00,10/14/2017
MU.020619.38.00,10/14/2017
MU.021119.01.00,10/9/2017
MU.021119.01.01,10/9/2017
MU.021119.02.00,10/9/2017
MU.021119.02.01,10/9/2017
MU.021119.03.00,10/9/2017
MU.021119.03.01,10/9/2017
MU.021119.04.00,10/9/2017
MU.021119.04.01,10/9/2017
MU.021119.05.00,10/9/2017
MU.021119.05.01,10/9/2017
MU.021119.06.00,10/9/2017
MU.021119.06.01,10/9/2017
MU.021119.07.00,10/9/2017
MU.021119.07.01,10/9/2017
MU.021119.01.00,10/14/2017
MU.021119.01.01,10/14/2017
MU.021119.02.00,10/14/2017
MU.021119.02.01,10/14/2017
MU.021119.03.00,10/14/2017
MU.021119.03.01,10/14/2017
MU.021119.04.00,10/14/2017
MU.021119.04.01,10/14/2017
MU.021119.05.00,10/14/2017
MU.021119.05.01,10/14/2017
MU.021119.06.00,10/14/2017
MU.021119.06.01,10/14/2017
MU.021119.07.00,10/14/2017
MU.021119.07.01,10/14/2017
MU.021119.08.00,10/14/2017
MU.021119.08.01,10/14/2017
MU.021119.09.00,10/14/2017
MU.021119.09.01,10/14/2017
MU.021119.10.00,10/14/2017
MU.021119.10.01,10/14/2017
MU.021119.11.00,10/14/2017
MU.021119.11.01,10/14/2017
MU.021119.12.00,10/14/2017
MU.021119.12.01,10/14/2017
MU.021119.13.00,10/14/2017
MU.021119.14.00,10/14/2017
MU.021119.14.01,10/14/2017
MU.021119.15.00,10/14/2017
MU.021119.15.01,10/14/2017
MU.021119.16.00,10/14/2017
MU.021119.16.01,10/14/2017
MU.021119.17.00,10/14/2017
MU.021119.17.01,10/14/2017
MU.021119.18.00,10/14/2017
MU.021119.19.00,10/14/2017
MU.021119.19.01,10/14/2017