n,standardlength,totallength,bodydepthpectoral,bodydepthanus,propulsivearea,bodyarea,musclearea,eyediameter,caudalpeduncledepth,caudalfinheight,caudalfinarea,bodywidth,interorbitalwidth
1,6.8666,8.6377,2.0123,1.566,7.3755,9.5218,4.3637,0.4824,0.6395,0.7718,1.2482,,
2,,,,,,,,,,,,0.9534,0.8395
3,8.7271,10.1901,2.3577,1.8901,11.952,14.2442,8.3417,0.6169,0.727,0.9876,1.4411,,
4,,,,,,,,,,,,1.1172,0.9133
5,6.7989,7.9675,1.8175,1.4524,7.7794,9.6125,5.0644,0.5088,0.6328,0.8734,0.9803,,
6,,,,,,,,,,,,0.945,0.8607
7,8.7904,11.0354,2.2786,1.8585,13.0102,13.708,7.3317,0.6116,0.7236,1.2816,2.6737,,
8,,,,,,,,,,,,1.2761,1.0509
9,5.8706,6.6424,1.6686,1.2608,4.8715,7.3961,3.9287,0.4287,0.5059,0.7924,0.5526,,
10,,,,,,,,,,,,0.8103,0.5482
11,5.7718,6.5286,1.5512,1.2803,5.1897,7.2794,3.2626,0.4498,0.5108,0.606,0.8475,,
12,,,,,,,,,,,,0.8723,0.6126
13,7.8867,9.6484,2.0382,1.6412,10.124,11.5538,5.9028,0.5167,0.6364,0.9857,1.7091,,
14,,,,,,,,,,,,1.0158,0.7345
15,7.5292,9.0591,1.8934,1.4462,8.1605,10.5121,4.6196,0.5062,0.6143,0.69,1.3612,,
17,,,,,,,,,,,,0.825,0.7337
18,6.2777,7.5799,1.8257,1.37,4.9886,7.8351,3.4817,0.4605,0.5543,0.4491,0.6116,,
19,,,,,,,,,,,,0.9678,0.412
20,7.3711,9.3091,1.9883,1.636,7.8566,10.5984,4.8189,0.4812,0.6583,0.9375,1.6897,,
21,,,,,,,,,,,,1.2603,0.7904
22,7.8333,9.5091,2.2897,1.7763,8.8821,12.0425,5.978,0.5042,0.7236,0.7255,1.2701,,
23,,,,,,,,,,,,1.2688,0.8395
24,6.738,8.1988,1.8901,1.5365,7.0151,8.9321,4.6542,0.5387,0.6464,0.8932,1.3062,,
25,,,,,,,,,,,,1.1467,0.7986
26,7.0785,7.8,1.8152,1.3578,6.0515,9.2767,3.9719,0.506,0.7413,0.9816,0.6653,,
27,,,,,,,,,,,,0.9145,0.671
29,7.0457,7.7757,1.845,1.3332,5.9566,8.5259,4.0496,0.4485,0.5625,0.9522,0.9185,,
30,,,,,,,,,,,,1.0144,0.5119
31,8.7706,10.2846,2.4317,1.9309,11.0802,14.0699,6.9646,0.6428,0.6999,1.0857,1.8956,,
32,,,,,,,,,,,,1.2598,0.7998
33,6.6506,8.0455,1.8715,1.4944,6.1937,8.4333,3.2809,0.4961,0.6909,1.0916,1.2393,,
34,,,,,,,,,,,,0.9058,0.6808
35,9.0934,11.0773,2.5077,2.0286,11.3768,15.0041,6.9794,0.6453,0.7636,0.9529,2.1253,,
36,,,,,,,,,,,,1.1102,0.6461
37,6.459,7.9663,1.8878,1.5462,6.513,8.4161,3.9802,0.496,0.634,0.8358,1.1886,,
38,,,,,,,,,,,,1.2226,0.6283
39,7.9462,9.3541,2.1736,1.6996,9.3274,11.7873,6.3006,0.5269,0.6993,1.1315,1.3783,,
40,,,,,,,,,,,,1.0135,0.793
41,6.2328,7.1646,1.8266,1.2164,5.3669,7.522,3.4184,0.4881,0.6032,0.9316,1.1047,,
42,,,,,,,,,,,,0.9193,0.6165
43,11.2663,14.2327,3.3147,2.8386,22.0826,25.7672,13.8797,0.7971,0.9822,1.3365,3.9612,,
44,,,,,,,,,,,,1.4526,0.8246
45,5.8582,6.9331,1.6618,1.3178,5.6576,7.2863,4.1499,0.5209,0.5396,0.7999,0.7065,,
46,,,,,,,,,,,,0.8476,0.8294
47,5.4007,6.6727,1.6788,1.0308,4.0714,5.8357,2.7313,0.4558,0.5889,0.5745,0.6796,,
48,,,,,,,,,,,,0.7432,0.5431
49,7.5354,9.1338,2.1498,1.634,9.1684,11.4531,6.038,0.55,0.6715,1.0483,2.0603,,
50,,,,,,,,,,,,1.1473,0.7504
51,6.2,7.7947,1.8844,1.4125,6.9203,8.0615,4.5682,0.4688,0.6335,0.6928,1.0544,,
52,,,,,,,,,,,,0.9356,0.6816
53,9.0135,10.1213,2.363,1.8273,13.1281,15.778,8.8808,0.563,0.7498,1.803,1.85,,
54,,,,,,,,,,,,0.9748,0.6521
55,6.4395,7.6495,1.9052,1.3891,6.7114,8.3442,4.0196,0.5068,0.5796,0.9996,1.3439,,
56,,,,,,,,,,,,0.8812,0.4992
57,6.0445,7.3797,1.8845,1.4631,6.5336,8.5379,4.1897,0.4895,0.5993,0.9962,1.4105,,
58,,,,,,,,,,,,1.0345,0.6199
59,7.9358,10.0265,2.2684,1.7465,11.5634,12.5642,6.344,0.6272,0.7774,1.7224,2.3991,,
60,,,,,,,,,,,,1.1337,0.5053
61,7.8114,9.6702,2.1051,1.5845,9.9444,12.0824,6.3217,0.5218,0.6709,1.2318,1.9023,,
62,,,,,,,,,,,,1.0625,0.6299
63,7.5638,9.0846,2.0724,1.6004,8.9173,10.5036,5.8925,0.4635,0.664,1.0525,1.5637,,
64,,,,,,,,,,,,1.0727,0.809
65,10.1485,12.7792,2.8967,2.3373,18.1563,20.3202,11.2926,0.666,0.8329,1.5487,3.7178,,
66,,,,,,,,,,,,1.662,0.9557
67,6.9475,8.8572,2.0734,1.539,9.318,10.3603,5.1842,0.5408,0.6282,1.1676,1.9871,,
68,,,,,,,,,,,,1.0308,0.5929
69,6.5307,7.8341,1.8611,1.3893,6.8,8.8853,4.3331,0.5195,0.6804,1.0416,1.4575,,
70,,,,,,,,,,,,0.9648,0.5545
71,11.7704,14.58,3.322,2.4014,20.9603,27.0806,12.0043,0.8205,1.0123,1.4969,4.2031,,
72,,,,,,,,,,,,1.3955,0.7085
73,8.7963,10.8449,2.5447,2.033,13.9691,16.2445,9.2385,0.5643,0.7539,0.955,2.2142,,
74,,,,,,,,,,,,1.2421,0.6814
75,9.5025,11.5747,2.6082,1.9595,13.5328,17.6029,8.4082,0.5081,0.7161,1.1516,2.5154,,
76,,,,,,,,,,,,1.1741,0.7391
77,9.2192,11.5513,2.5746,2.08,13.3729,16.0391,7.6769,0.6171,0.7078,1.3384,2.7601,,
78,,,,,,,,,,,,1.407,0.8668
79,10.7153,12.6373,2.9822,2.1226,15.0499,24.0269,9.049,0.8077,0.7594,1.6006,3.1571,,
80,,,,,,,,,,,,1.4468,1.3082
81,8.4082,10.9074,2.3477,2.2044,13.5566,14.6844,8.143,0.6238,0.6983,0.9999,2.5888,,
82,,,,,,,,,,,,1.261,0.7372
83,9.5515,11.4324,2.547,2.3699,13.2239,17.625,8.5092,0.5984,0.7514,0.9592,2.3704,,
84,,,,,,,,,,,,1.3955,0.7874
85,9.2789,11.632,2.6634,2.3163,13.1469,18.8357,8.4061,0.685,0.7191,1.1551,2.1773,,
86,,,,,,,,,,,,1.4802,0.8275
87,9.0649,10.777,2.5276,1.8558,13.5572,16.4256,9.7343,0.5716,0.6612,1.2149,2.2779,,
88,,,,,,,,,,,,1.1406,0.727
89,10.5639,12.7636,3.0599,2.3071,15.6769,22.4691,10.3845,0.6548,0.7508,1.1158,2.8895,,
90,,,,,,,,,,,,1.4399,0.9198
91,9.6832,12.4199,2.614,2.0893,14.6239,18.1393,8.8541,0.6491,0.6897,1.2105,2.6355,,
92,,,,,,,,,,,,1.294,0.5872
93,8.4985,10.6512,2.4829,1.7902,12.6039,14.2065,7.2766,0.6086,0.7027,1.1636,2.7124,,
94,,,,,,,,,,,,1.2535,0.7612
95,8.2356,10.3227,2.3734,1.8389,11.5897,14.3295,6.9954,0.6618,0.75,1.4707,2.6701,,
96,,,,,,,,,,,,1.0682,0.6622
97,8.3786,9.6843,2.3153,1.7915,10.1294,13.3108,6.3093,0.6272,0.6965,0.988,1.706,,
98,,,,,,,,,,,,1.0256,0.6568
99,11.8811,14.664,3.1877,2.4924,19.497,24.8882,11.4915,0.7997,0.7136,1.4651,3.5419,,
100,,,,,,,,,,,,1.4197,0.7292
101,9.1365,10.6404,2.482,1.9419,12.3999,15.2899,7.7529,0.5668,0.7535,1.2461,2.2793,,
102,,,,,,,,,,,,1.2314,0.6316
103,9.6852,12.0433,2.6289,1.9932,12.6564,16.7849,7.7963,0.5987,0.6549,1.2919,3.0284,,
104,,,,,,,,,,,,1.0419,0.656
105,13.4699,17.0099,3.8367,3.1352,26.8836,37.1389,14.6997,0.9311,0.9538,1.8439,6.5258,,
106,,,,,,,,,,,,1.2636,0.7643
107,9.7407,11.8665,2.6245,2.1781,14.4706,17.889,9.1122,0.698,0.698,1.285,2.8932,,
109,,,,,,,,,,,,1.1727,0.724
110,11.8913,14.8534,3.0821,2.5981,22.0216,28.1752,13.828,0.8487,1.0242,1.6469,4.0217,,
111,,,,,,,,,,,,1.3215,0.6961
112,7.9632,9.5936,1.9885,1.5906,9.031,11.7933,4.8871,0.4594,0.608,1.2299,2.1589,,
113,,,,,,,,,,,,0.8717,0.5646
114,6.3566,8.0408,1.6315,1.3681,6.2276,7.4487,3.7691,0.4001,0.5053,0.7791,1.3576,,
115,,,,,,,,,,,,0.7159,0.4425
116,6.564,8.054,1.7667,1.5,7.251,7.9827,4.2773,0.4367,0.5746,0.8627,1.2024,,
117,,,,,,,,,,,,0.8202,0.5116
118,6.4519,7.8532,1.7365,1.5365,6.3367,7.5733,4.0236,0.4631,0.5477,0.8114,1.211,,
121,,,,,,,,,,,,0.8511,0.5171
122,6.063,7.685,1.8116,1.3717,6.4804,7.6033,3.9334,0.4111,0.5369,0.7371,1.1058,,
123,,,,,,,,,,,,0.9381,0.5987
124,6.5093,8.3353,1.7851,1.3133,6.096,7.6934,3.7134,0.4838,0.441,0.6452,1.0994,,
125,,,,,,,,,,,,0.8017,0.5159
126,6.7756,8.6825,1.9317,1.6078,8.4491,9.0776,4.9585,0.5011,0.5496,0.7734,1.4362,,
127,,,,,,,,,,,,0.899,0.5281
128,5.8519,7.2565,1.6129,1.2768,5.3591,6.5103,3.5382,0.3972,0.4949,0.6603,0.9636,,
129,,,,,,,,,,,,0.8477,0.5143
130,7.15,8.8595,1.9767,1.7342,8.3204,9.8484,5.2723,0.465,0.6021,1.0042,1.3537,,
131,,,,,,,,,,,,1.0121,0.4881
132,5.4708,6.9808,1.5468,1.2642,4.9111,5.7937,2.9745,0.3678,0.4218,0.7196,1.0122,,
133,,,,,,,,,,,,0.7624,0.4768
134,6.5698,8.2852,1.9712,1.5683,7.0875,9.1191,4.8724,0.3978,0.5454,0.8982,1.3064,,
135,,,,,,,,,,,,0.8351,0.4508
136,5.8401,7.4154,1.7484,1.5073,5.9484,7.7756,3.9452,0.4138,0.4144,0.5136,0.6221,,
137,,,,,,,,,,,,0.6954,0.3568
138,6.01,7.4127,1.7683,1.4019,5.9902,7.6906,4.539,0.4855,0.502,0.6987,0.9005,,
139,,,,,,,,,,,,0.8499,0.4799
140,8.5636,10.8535,2.5071,1.9853,12.3569,14.8705,7.5753,0.5798,0.6435,0.884,1.7729,,
141,,,,,,,,,,,,1.1767,0.5302
142,9.6904,11.4576,2.7263,2.2776,13.8426,17.3332,8.7676,0.6447,0.691,0.9349,1.5986,,
143,,,,,,,,,,,,1.4124,0.6667
144,9.677,11.3733,2.7098,2.2606,13.9846,17.4709,9.6667,0.6525,0.8113,1.1314,2.067,,
145,,,,,,,,,,,,1.2756,0.6521
146,9.3455,11.5531,2.6131,2.0958,12.6083,16.1604,8.2167,0.6519,0.7911,1.194,2.2834,,
147,,,,,,,,,,,,1.1164,0.6736
148,9.439,11.5587,2.6348,2.0602,11.994,17.6467,9.2169,0.6213,0.8399,0.8181,1.6368,,
149,,,,,,,,,,,,1.133,0.5906
150,9.4516,11.8664,2.5524,2.12,12.7504,16.6633,8.1288,0.6891,0.7611,1.2537,2.6667,,
151,,,,,,,,,,,,1.2007,0.7697
152,11.254,14.1425,3.0734,2.345,18.1798,24.2577,10.8672,0.7654,0.8278,1.2266,4.2227,,
153,,,,,,,,,,,,1.3283,0.8681
154,9.8681,12.7689,2.7225,1.9346,13.955,17.7947,8.5909,0.7219,0.7547,1.019,2.3517,,
155,,,,,,,,,,,,1.1783,0.6718
156,8.8455,10.8588,2.3817,1.6769,11.2595,14.2256,7.374,0.6203,0.676,1.0859,2.2248,,
158,,,,,,,,,,,,1.3024,0.7164
159,5.5072,6.5266,1.554,1.158,4.2154,5.5241,2.649,0.3763,0.4396,0.6138,0.6134,,
160,,,,,,,,,,,,0.6583,0.4787
161,7.3089,9.2964,2.0288,1.6261,9.0212,9.4546,4.8504,0.5298,0.5423,1.2536,2.1833,,
162,,,,,,,,,,,,0.908,0.6216
163,7.0479,8.859,1.908,1.6081,8.1017,9.0627,4.3475,0.5063,0.5536,1.1285,2.028,,
164,,,,,,,,,,,,0.6515,0.5001
165,7.7269,9.4102,2.0365,1.8184,9.9272,11.2201,5.3274,0.5873,0.6249,1.247,2.6021,,
166,,,,,,,,,,,,0.9629,0.6283
167,7.092,8.8133,2.0751,1.6877,7.8801,8.7365,4.707,0.4883,0.4817,0.8653,1.5213,,
168,,,,,,,,,,,,0.9648,0.5411
169,8.7245,10.6969,2.2668,1.8492,11.6993,13.9003,5.6034,0.6026,0.604,1.4268,2.8954,,
170,,,,,,,,,,,,1.0509,0.5828
171,7.9646,10.213,2.1598,1.5236,9.3076,13.7984,4.9468,0.5507,0.589,1.3755,3.0152,,
172,,,,,,,,,,,,1.0613,0.75
173,8.3456,10.915,2.6112,1.8607,11.9374,13.818,6.3603,0.625,0.7083,1.3195,2.9436,,
174,,,,,,,,,,,,1.2036,0.8405
175,7.4674,9.5039,2.0981,1.5936,9.2912,11.0634,4.9276,0.5435,0.5678,1.2217,2.3824,,
176,,,,,,,,,,,,0.8312,0.5776
177,7.6828,9.5971,2.0731,1.6856,8.7365,11.7967,4.6458,0.5243,0.5854,1.1099,2.3005,,
178,,,,,,,,,,,,1.0374,0.5637
179,6.9292,7.7781,1.875,1.6062,6.5991,9.0468,4.2499,0.5115,0.5229,0.8834,0.8932,,
180,,,,,,,,,,,,0.8201,0.3937
181,6.8241,8.5681,1.9323,1.5617,8.1973,9.0698,4.1006,0.5392,0.5509,0.8798,1.6027,,
182,,,,,,,,,,,,1.0011,0.5708
183,6.84,8.593,1.8762,1.5997,7.1614,9.4468,4.2644,0.5403,0.5059,1.081,1.7118,,
185,,,,,,,,,,,,0.9332,0.4157
186,7.8975,9.9382,2.1812,1.791,9.5987,11.6663,5.6772,0.5775,0.5585,1.1026,1.8441,,
187,,,,,,,,,,,,1.0898,0.6442
188,8.6432,11.052,2.3397,1.7972,12.3119,14.0666,6.5367,0.6523,0.6094,1.3912,2.7546,,
189,,,,,,,,,,,,1,0.6125
190,,,,,,,,,,,,0.9318,0.5623
191,7.7429,9.9211,2.115,1.4325,9.1964,10.72,4.8488,0.5641,0.5536,1.1793,2.4966,,
192,,,,,,,,,,,,0.8795,0.4944
193,7.5975,9.1106,2.1765,1.4296,7.4682,11.0896,4.5203,0.5121,0.5491,0.9393,1.5361,,
194,,,,,,,,,,,,0.8555,0.5051
195,,,,,,,,,,,,0.9726,0.5405
196,7.2898,9.1028,1.8036,1.385,7.9044,8.9422,3.8709,0.4888,0.5367,0.9209,1.7106,,
197,,,,,,,,,,,,0.8672,0.3952
198,8.8805,10.7887,2.2394,2.0434,11.4848,15.7393,7.2187,0.6339,0.8188,1.2401,2.2577,,
199,,,,,,,,,,,,0.9999,0.6671
200,8.4883,9.6979,2.0765,1.8101,9.8982,12.4121,6.5429,0.5719,0.7002,1.2015,1.6889,,
201,,,,,,,,,,,,1.0638,0.6292
202,10.245,12.3924,2.6616,2.3374,13.5597,18.7285,8.4904,0.6792,0.7594,1.0935,2.873,,
203,,,,,,,,,,,,1.2258,0.9528
204,10.9989,13.7077,3.291,2.6401,19.4432,25.0385,12.111,0.7274,0.7941,1.0879,2.8988,,
206,,,,,,,,,,,,1.9298,0.9287
207,11.0925,14.4303,3.2113,2.5318,20.2638,24.3373,12.3747,0.7963,0.7601,1.4843,4.6355,,
208,,,,,,,,,,,,1.6347,0.9044
209,11.6952,14.2601,3.7016,2.5096,21.7419,28.2222,13.08,0.8915,0.9843,1.7384,4.5031,,
210,,,,,,,,,,,,1.6749,1.131
211,12.5749,16.1178,3.7746,2.6199,28.2936,31.954,15.9729,0.8405,1.083,1.7546,6.4932,,
212,,,,,,,,,,,,1.4193,0.9055
213,12.9124,16.9339,3.7824,3.0496,27.8671,34.6129,16.7587,0.8706,1.0437,1.8923,5.5876,,
214,,,,,,,,,,,,1.7178,1.1069
215,9.4766,11.9842,2.5962,2.1411,14.3929,16.5316,8.4128,0.6461,0.695,1.4468,3.514,,
216,,,,,,,,,,,,1.3107,0.8277
217,10.399,13.2991,2.7996,2.3832,16.8913,20.2796,10.0668,0.7848,0.922,1.6338,3.8986,,
218,,,,,,,,,,,,1.12,0.7193
219,11.9163,14.4424,3.2659,2.9096,23.1868,28.1258,13.8258,0.8298,0.8507,1.6239,4.4727,,
220,,,,,,,,,,,,1.4014,0.9338
221,9.1335,10.4486,2.5951,1.8602,11.5162,16.6834,8.1197,0.6384,0.7856,1.2461,1.7251,,
222,,,,,,,,,,,,0.9374,0.6578
223,13.2182,16.5827,3.6985,2.8469,25.5232,31.5962,13.9058,0.9127,0.9385,1.9401,5.4716,,
224,,,,,,,,,,,,1.4252,0.8298
225,12.4946,15.4905,3.473,2.8649,29.8135,30.2927,13.7045,0.8831,0.9811,2.1959,7.5203,,
226,,,,,,,,,,,,1.6603,1.1371
227,9.9687,11.6051,2.6052,2.0951,13.7307,17.2462,9.0665,0.7728,0.7274,1.3869,2.6953,,
228,,,,,,,,,,,,1.0037,0.7125
229,10.7529,12.5538,2.827,2.4123,16.8968,20.5782,9.5534,0.7461,0.7644,1.6098,3.6178,,
230,,,,,,,,,,,,0.8988,1.2632
231,10.3868,12.9344,2.7501,2.1262,16.9638,19.6886,9.4494,0.7335,0.7363,1.4523,3.3181,,
232,,,,,,,,,,,,1.3463,0.8276
233,8.2564,10.7563,2.2217,1.8669,12.1568,13.9875,6.6269,0.6862,0.6858,1.4086,3.5265,,
234,,,,,,,,,,,,1.1407,0.6608
235,10.4365,12.8828,2.8937,2.4505,18.2926,22.3985,11.2858,0.7001,0.8539,1.6565,3.6849,,
236,,,,,,,,,,,,1.3017,0.7814
237,9.3565,11.2524,2.7548,2.1501,11.5853,17.2821,8.3086,0.7187,0.4029,0.638,1.357,,
238,,,,,,,,,,,,1.0793,0.6363
239,10.0888,12.8045,2.8134,2.2557,16.0686,18.7653,9.6975,0.6957,0.8511,1.4225,3.7723,,
240,,,,,,,,,,,,1.2804,0.7246
241,14.8968,18.3071,4.0563,3.3846,35.9169,43.466,19.0981,1.0081,1.2224,2.3355,8.7689,,
242,,,,,,,,,,,,1.3559,0.8864
243,12.3159,15.0803,3.4038,2.7139,28.6497,28.3069,13.7025,0.8463,1.0391,2.2695,6.2146,,
244,8.3131,10.1303,2.2842,1.6626,10.6664,12.6726,6.5127,0.5297,0.6924,1.0418,1.7961,,
245,,,,,,,,,,,,1.0936,0.6871
246,11.089,14.3258,3.1097,2.6521,22.6623,23.4876,11.8119,0.7621,1.0009,2.0909,5.5972,,
247,,,,,,,,,,,,1.3467,0.8571
248,8.1038,9.4473,2.0224,1.8542,9.5369,11.9512,5.835,0.6125,0.6756,1.1272,1.4573,,
249,,,,,,,,,,,,0.9027,0.7148
250,9.7563,12.179,2.7114,2.2756,13.6245,17.5103,7.6152,0.5423,0.853,1.3251,2.5538,,
251,,,,,,,,,,,,1.0873,0.7639
252,8.6988,10.7125,2.151,1.8358,12.2334,14.5693,6.3552,0.6394,0.5903,1.4588,3.0848,,
253,,,,,,,,,,,,0.8741,0.638
254,8.8409,9.6434,2.2285,1.8806,8.6444,12.8729,6.0337,0.5884,0.7339,0.9605,1.1098,,
255,,,,,,,,,,,,0.8687,0.6065
256,8.8191,11.1467,2.5317,2.02,11.1128,15.0904,6.9104,0.5672,0.7201,1.3145,2.2454,,
257,,,,,,,,,,,,0.9924,0.6774
258,8.886,10.0274,2.3237,2.2166,9.896,15.1762,7.1226,0.5998,0.7715,1.1728,1.5713,,
259,,,,,,,,,,,,1.0892,0.4686
260,8.5628,10.3934,2.3068,1.8489,11.3829,12.9814,6.406,0.5462,0.8035,1.38,2.5194,,
261,,,,,,,,,,,,0.7903,0.5922
262,7.6312,9.1024,2.0442,1.6869,8.7395,11.0076,5.5183,0.5102,0.6111,1.1078,1.7604,,
263,,,,,,,,,,,,0.7052,0.6583
264,7.7267,8.818,1.8766,1.6022,7.5372,10.4063,5.2996,0.5347,0.5674,1.0872,1.1106,,
265,,,,,,,,,,,,0.4432,0.7328
266,8.6928,10.7526,2.3069,1.8649,11.6288,13.4969,5.6226,0.5303,0.8019,1.5494,3.1461,,
267,,,,,,,,,,,,0.8449,0.6501
268,11.0329,14.169,3.3653,2.7454,18.0586,27.6503,10.2125,0.8201,0.8656,1.5429,3.4842,,
269,,,,,,,,,,,,0.9369,0.7613
270,8.9702,11.3449,2.3886,1.9375,12.1115,15.6004,7.1624,0.5521,0.7242,1.2003,2.158,,
271,,,,,,,,,,,,1.1842,0.8578
272,6.1054,7.2885,1.7216,1.4771,5.556,7.6206,3.5402,0.4048,0.5481,0.7123,0.8994,,
273,,,,,,,,,,,,0.8479,0.5051
274,8.3,10.2464,2.0706,1.744,10.3659,13.2261,6.5231,0.5196,0.7819,1.1423,1.969,,
275,,,,,,,,,,,,0.9618,0.6282
276,6.8411,8.5266,2.1183,1.6403,8.1825,10.1011,5.5754,0.498,0.6315,1.0144,1.8332,,
277,,,,,,,,,,,,0.8664,0.4376
278,7.935,9.6354,2.0678,1.7378,7.8436,11.1743,5.183,0.5459,0.575,0.983,1.3848,,
279,,,,,,,,,,,,0.9284,0.4122
280,7.7414,9.6255,2.1467,1.9078,8.1884,11.8501,5.0521,0.5512,0.5881,0.8828,1.5104,,
281,,,,,,,,,,,,0.771,0.5197
282,7.0746,7.6613,2.0272,1.7058,5.865,9.6371,4.4351,0.4246,0.4515,0.7985,0.7363,,
283,,,,,,,,,,,,0.7921,0.5146
284,7.3493,9.0725,2.1157,1.4458,7.7548,10.559,5.1753,0.5066,0.6631,1.0001,1.2951,,
285,,,,,,,,,,,,0.8241,0.5537
286,8.2693,10.0637,2.2223,1.8719,10.969,12.4119,6.7522,0.6155,0.7709,1.0665,1.7293,,
287,,,,,,,,,,,,1.0533,0.6422
288,6.2284,7.5318,1.8104,1.5242,5.7063,7.6549,3.4226,0.4825,0.6057,0.8382,1.1851,,
289,,,,,,,,,,,,0.8851,0.4703
290,6.2965,7.7059,1.7436,1.4647,5.7423,7.5359,3.7536,0.4737,0.5061,0.906,0.9909,,
291,,,,,,,,,,,,0.8136,0.5336
292,7.813,8.5333,2.2385,1.7595,6.7365,10.7684,4.6427,0.6199,0.4949,0.6543,0.8936,,
293,,,,,,,,,,,,0.6783,0.5
294,8.3488,10.2576,2.2586,1.9179,11.657,12.6502,6.6322,0.5726,0.6668,1.2788,2.3521,,
295,,,,,,,,,,,,0.8576,0.632
296,9.7793,12.0968,2.5397,2.1486,14.0631,17.7875,7.7343,0.6208,0.7329,1.5079,3.8262,,
297,,,,,,,,,,,,1.1047,0.756
298,9.7871,12.3577,2.8017,2.2947,13.5789,19.844,8.7939,0.628,0.8362,1.2831,2.4636,,
299,,,,,,,,,,,,1.281,0.7095
300,8.62,10.9552,2.5017,2.1361,11.1195,14.6042,7.191,0.6377,0.8432,1.1757,2.4604,,
301,,,,,,,,,,,,1.1856,0.6777
302,7.9977,9.5509,2.2061,1.9872,9.4053,12.3716,5.9865,0.6112,0.6904,0.933,1.3225,,
303,,,,,,,,,,,,0.9487,0.4999
304,8.1265,10.2519,2.394,1.9152,10.4696,13.7318,6.8811,0.6343,0.8735,1.1793,2.0268,,
305,,,,,,,,,,,,1.1273,0.609
306,9.3615,11.815,2.7292,2.0897,12.8632,17.607,7.6894,0.5797,0.6188,1.3754,2.4459,,
307,,,,,,,,,,,,1.1684,0.7962
308,11.5408,14.7726,3.3998,2.7038,20.3561,28.3298,11.3233,0.8035,0.7847,1.6458,4.8025,,
309,,,,,,,,,,,,1.3902,0.9487
310,9.5141,12.1136,2.8309,2.0531,12.6645,20.9184,6.9782,0.6587,0.8104,1.2757,2.958,,
311,,,,,,,,,,,,1.2111,0.5699
312,8.144,9.8436,2.1217,1.7923,10.7315,12.5893,6.3691,0.5422,0.7686,1.0685,2.0163,,
313,,,,,,,,,,,,1.1511,0.4768
314,10.1495,12.8101,3.0229,2.5758,17.7232,24.1031,10.7523,0.733,0.915,1.4681,3.3998,,
315,,,,,,,,,,,,1.3169,0.8017
316,9.359,11.4739,2.6083,2.0355,13.29,19.9939,8.1224,0.6558,0.8917,1.3714,2.6389,,
317,,,,,,,,,,,,1.3219,0.7923
318,10.1984,12.8648,2.8454,2.4789,16.5421,20.242,9.9715,0.6999,0.9005,1.2919,3.0614,,
319,,,,,,,,,,,,1.3387,0.8379
320,6.6949,8.4079,1.8792,1.5903,6.3994,8.3456,4.3597,0.5257,0.5589,0.8731,1.391,,
321,,,,,,,,,,,,0.8466,0.4011
322,9.8315,12.3863,2.8556,2.4009,15.6992,21.1351,9.7873,0.6558,1.0016,1.4982,3.2812,,
323,,,,,,,,,,,,1.2885,0.7457
324,8.2822,10.2099,2.2403,1.6854,9.9833,12.9984,5.9341,0.6533,0.6923,1.0424,1.706,,
325,,,,,,,,,,,,0.9474,0.6536
326,8.0272,9.333,2.0952,1.5622,7.9513,11.3269,5.3101,0.5545,0.6405,0.9674,1.1497,,
327,,,,,,,,,,,,0.8838,0.6136
328,7.904,10.022,2.1936,1.9099,9.5215,13.105,6.4185,0.5535,0.6736,1.0615,1.9944,,
329,,,,,,,,,,,,1.2054,0.5817
330,9.0941,11.0655,2.7886,2.1556,11.2464,17.4833,7.0873,0.6668,0.6775,1.1515,2.2355,,
331,,,,,,,,,,,,1.2778,0.8496
332,7.0008,9.0988,1.9879,1.6846,7.2044,9.8001,4.7377,0.525,0.6103,1.0182,1.3005,,
333,,,,,,,,,,,,0.8275,0.4963
334,7.6306,9.3904,1.9395,1.7175,8.1624,10.4698,4.8948,0.4787,0.6341,0.9624,1.5042,,
335,,,,,,,,,,,,0.8754,0.8066
336,6.3987,7.5123,1.7608,1.2904,5.8415,7.5517,3.4176,0.5262,0.5659,0.9908,1.391,,
337,,,,,,,,,,,,0.957,0.672
338,6.6452,7.8357,1.8741,1.2955,5.5256,8.4813,3.9185,0.5246,0.6161,0.9036,0.9755,,
339,,,,,,,,,,,,0.8487,0.4337
340,9.0083,12.0915,3.0199,2.3063,12.8363,20.4721,8.196,0.6605,0.7675,1.2523,3.0185,,
341,,,,,,,,,,,,1.5631,0.5647
342,9.1209,11.3956,2.6238,2.0484,12.3982,17.2692,7.6488,0.6378,0.8874,1.2078,2.0979,,
343,,,,,,,,,,,,1.1652,0.6481
344,7.1975,7.7823,1.911,1.1337,6.2689,8.5615,4.2163,0.4714,0.5352,0.7493,1.0818,,
345,,,,,,,,,,,,0.8544,0.601
346,6.9356,8.2774,1.8601,1.6109,6.592,9.4034,4.2421,0.4936,0.6474,0.8573,1.1309,,
347,,,,,,,,,,,,0.8552,0.4582
348,17.9735,22.1099,4.9324,3.872,44.8093,56.9956,25.035,1.2793,1.3624,2.5106,10.1856,,
349,,,,,,,,,,,,1.919,1.1364
350,14.8166,19.57,4.2287,3.108,33.5862,45.5181,17.781,1.054,1.1919,2.0045,7.4362,,
351,,,,,,,,,,,,1.476,1.1712
352,10.6745,12.4919,2.719,2.385,16.0863,21.0841,9.7621,0.756,0.852,1.4422,2.7224,,
353,,,,,,,,,,,,1.305,0.8334
354,6.9603,8.4066,1.757,1.2221,6.998,8.594,4.3039,0.5824,0.5959,1.0323,1.5547,,
355,,,,,,,,,,,,0.91,0.5522
356,14.3252,18.0511,4.209,2.9841,30.3531,41.8059,17.3722,0.95,1.4036,1.8248,7.43,,
357,,,,,,,,,,,,1.9002,1.0822
358,13.3787,17.1952,3.7338,2.6925,30.1614,39.6174,15.9376,0.9087,1.1415,1.669,6.4513,,
359,,,,,,,,,,,,1.5753,0.9997
360,14.3572,18.637,3.9743,3.1703,31.6404,42.5447,16.9805,1,1.2346,2.0787,7.2851,,
361,,,,,,,,,,,,1.6123,0.7686
362,11.7152,15.2321,3.0549,2.6773,19.9694,28.1164,11.0261,0.7459,0.9062,1.4557,4.397,,
363,,,,,,,,,,,,1.2024,0.8408
364,14.4131,18.3832,4.2411,3.3035,33.8891,43.7801,19.213,0.9834,1.3468,1.8608,6.8123,,
365,,,,,,,,,,,,1.838,1.0841
366,13.0674,17.6137,3.9991,2.8844,30.1663,42.3829,15.3958,0.8251,1.0109,1.95,7.3937,,
367,,,,,,,,,,,,1.4926,0.9234
368,7.5087,9.2382,2.018,1.6454,7.1952,10.1658,4.6937,0.5426,0.5932,0.8839,1.1703,,
369,,,,,,,,,,,,0.8816,0.4509
370,8.2403,10.2678,2.3171,1.7179,10.0389,12.1893,5.9852,0.4648,0.6624,0.9492,1.6236,,
371,,,,,,,,,,,,0.8581,0.3899
372,15.5473,21.279,5.1269,3.7012,41.6089,57.2946,22.1727,1.3692,1.4592,2.2563,8.6593,,
373,,,,,,,,,,,,2.5885,1.1525
374,8.2931,10.2788,2.1472,1.8271,9.6012,12.573,6.0511,0.5146,0.5566,0.8509,1.3981,,
375,,,,,,,,,,,,1.0191,0.5941
376,9.3838,11.2908,2.5196,2.0651,12.8806,15.6495,8.2943,0.6062,0.7575,1.0606,1.792,,
377,,,,,,,,,,,,1.1365,0.909
378,9.466,11.9658,2.5504,2.1389,13.7476,15.9724,8.3936,0.6181,0.8732,1.1812,2.2475,,
380,,,,,,,,,,,,1.2096,0.8392
381,9.002,11.0734,2.3938,2.2747,11.8616,15.3006,7.6044,0.6515,0.8241,1.1134,1.5035,,
382,,,,,,,,,,,,1.1801,0.7783
383,10.313,12.2915,2.9329,2.5095,16.6414,21.2773,9.8542,0.7258,0.8621,1.146,2.2958,,
384,,,,,,,,,,,,1.2935,0.7875
385,8.4691,10.6409,2.39,1.781,8.5248,13.5211,6.715,0.6406,0.5815,0.849,1.4876,,
386,,,,,,,,,,,,0.9065,0.5396
387,9.1114,11.3714,2.6183,2.0573,11.1844,15.2562,7.1383,0.662,0.679,1.0951,1.4685,,
388,,,,,,,,,,,,1.0489,0.7146
389,7.9595,9.3013,2.1714,1.5924,9.0398,12.239,5.9229,0.5133,0.781,1.0131,1.0428,,
390,,,,,,,,,,,,0.9617,0.4029
391,8.3585,9.9069,2.2301,1.9116,9.7953,13.3263,6.3148,0.6056,0.7884,0.9958,1.4321,,
392,,,,,,,,,,,,1.0288,0.6572
393,8.9003,10.7975,2.3561,1.9061,11.0643,14.1818,6.4827,0.6101,0.6377,1.2469,1.8181,,
394,,,,,,,,,,,,0.8001,0.7316
395,7.3461,9.6303,2.095,1.6079,7.8909,11.334,5.3954,0.5016,0.6621,0.8395,1.3107,,
396,,,,,,,,,,,,0.9005,0.5172
397,7.7958,9.5811,2.2329,1.6755,9.4689,11.3115,5.9484,0.5614,0.7342,1.2086,1.5295,,
398,,,,,,,,,,,,0.9086,0.5289
399,7.3844,9.3295,2.1092,1.5504,8.3042,11.0536,5.4924,0.5515,0.7507,1.0134,1.4536,,
400,,,,,,,,,,,,1.0143,0.6942
401,8.6909,10.8018,2.4293,1.8007,10.5935,14.0923,6.6554,0.5573,0.6727,1.2292,1.9092,,
402,,,,,,,,,,,,0.8865,0.5857
403,9.194,11.1972,2.5361,2.0349,12.6374,15.4644,7.7754,0.6593,0.7998,1.1704,2.1094,,
404,,,,,,,,,,,,1.1753,0.6999
405,8.4484,10.0253,2.3829,1.7586,9.2764,13.4266,6.287,0.6671,0.6815,0.9348,1.4665,,
406,,,,,,,,,,,,1.0525,0.5001
407,8.406,10.1707,2.2339,1.7279,9.4942,12.5482,5.8279,0.6628,0.6105,1.0389,1.3831,,
408,,,,,,,,,,,,1.0238,0.5339
409,8.6097,10.5628,2.2755,1.9182,10.5147,13.5158,6.7052,0.6526,0.6669,0.9865,1.66,,
410,,,,,,,,,,,,1.0916,0.5939
411,7.3199,9.3457,2.0538,1.7203,8.8269,10.7688,5.5412,0.5739,0.6671,1.0669,1.6391,,
412,,,,,,,,,,,,0.9875,0.5258
413,8.0525,10.0936,2.3331,1.6951,9.4301,14.0831,6.8277,0.5854,0.706,1.1027,1.4177,,
414,,,,,,,,,,,,1.0903,0.5708
415,9.2269,11.1651,2.6208,2.2717,11.7729,17.2853,7.8129,0.6823,0.872,1.2638,2.5141,,
416,,,,,,,,,,,,1.0266,0.5334
417,7.9144,9.7079,2.1746,1.6979,9.7604,12.1536,6.2137,0.6298,0.6322,0.9616,1.6655,,
418,,,,,,,,,,,,1.0191,0.6428
419,8.7343,10.9817,2.5635,1.9566,10.1063,14.5951,6.6735,0.6785,0.6855,0.9532,1.7716,,
420,,,,,,,,,,,,1.1608,0.5659
421,7.7125,9.2841,2.1733,1.7344,8.2064,11.4337,5.5444,0.5614,0.6995,0.8391,1.2267,,
422,,,,,,,,,,,,0.8763,0.5299
423,8.2814,10.5495,2.4424,1.8364,9.2961,12.8782,5.8214,0.6344,0.7325,1.0853,1.7258,,
424,,,,,,,,,,,,0.5333,0.7435
425,7.7444,8.5371,2.3344,1.8006,7.724,12.0799,5.1664,0.6098,0.3029,0.5605,0.9078,,
426,,,,,,,,,,,,0.8888,0.4071
427,12.9378,15.8641,3.5206,2.4402,24.5611,31.2113,12.8892,0.7402,1.0513,1.9341,6.5366,,
428,,,,,,,,,,,,1.3048,0.9556
429,10.0191,12.4827,2.8063,2.3138,18.5124,21.2832,11.4113,0.7007,0.9315,1.5698,4.0415,,
430,,,,,,,,,,,,1.3359,0.7465
431,10.6924,13.1208,2.9136,2.3528,17.1006,20.5646,8.604,0.7421,0.7443,1.6842,4.7476,,
432,,,,,,,,,,,,1.2675,0.8309
433,10.1016,12.5368,2.5551,2.262,15.046,19.3314,10.5139,0.7168,0.9038,1.5206,3.4771,,
434,,,,,,,,,,,,1.3046,0.7
435,9.3122,11.9778,2.5885,2.201,13.3546,16.1639,7.661,0.6734,0.6574,1.2968,2.7355,,
436,,,,,,,,,,,,1.2594,0.8104
437,10.5066,13.0362,2.7117,2.1736,16.6777,19.3091,9.7869,0.644,0.7798,1.4923,3.5182,,
438,,,,,,,,,,,,1.309,0.8199
439,10.5699,13.306,2.8527,2.5174,17.0779,21.465,10.0634,0.7444,0.9276,1.6692,3.6757,,
440,,,,,,,,,,,,1.4998,0.8459
441,11.0351,14.0887,2.9873,2.6467,18.7328,22.0504,11.1751,0.7686,0.9464,1.4134,3.3943,,
442,,,,,,,,,,,,1.4999,0.8329
443,11.8617,15.0771,3.0879,2.5747,21.215,24.3572,11.7619,0.7006,1.0225,1.7062,5.3085,,
444,,,,,,,,,,,,1.425,0.7708
445,11.0614,13.8354,2.813,2.3279,16.733,22.0341,8.3039,0.7548,0.8777,1.4519,3.6957,,
446,,,,,,,,,,,,1.5621,0.7293
447,10.8154,13.6047,2.9196,2.4117,17.9921,22.6107,10.7963,0.7092,0.8937,1.5811,4.7828,,
448,,,,,,,,,,,,1.0935,0.7812
449,9.8938,12.4453,2.7568,2.2481,13.9821,17.8116,8.517,0.6384,0.8134,1.4027,2.9093,,
450,,,,,,,,,,,,1.0446,0.6224
